<?xml version="1.0"?>
<doc>
    <assembly>
        <name>ConsoleApp</name>
    </assembly>
    <members>
        <member name="M:MJR076.Program.Main(System.String,System.String,System.Int32,System.Int32,System.Int32,System.String)">
            <param name="quantity">The number of messages to send.</param>
            <param name="interval">The interval, expressed in seconds, at which to send messages.</param>
            <param name="duration">The duration, expressed in seconds, after which to stop sending messages.</param>
            <param name="fileName">The name of the file to use as a template for the message.</param>
            <param name="eventHubConnectionString">The event hub connection string.</param>
            <param name="eventHubName">The name of the event hub to send messages to and if not included in the eventHubConnectionString.</param>
        </member>
    </members>
</doc>
